1,Sophia,24,36217
2,Olivia,49,98901
3,Emma,35,70102
4,Ava,31,59073
5,Isabella,32,64332
6,Jackson,48,106604
7,Liam,32,55471
8,Noah,51,119203
9,Aiden,18,18000
10,Lucas,49,105861
11,Mia,27,44350
12,Aria,30,53821
13,Riley,42,84729
14,Zoe,22,29824
15,Amelia,55,129692
16,Caden,53,125472
17,Grayson,48,108846
18,Mason,38,73788
19,Elijah,39,85127
20,Logan,49,113836
21,Layla,18,18000
22,Charlotte,26,42566
23,Aubrey,25,38616
24,Lily,43,84007
25,Chloe,29,52294
26,Oliver,39,75314
27,Ethan,53,117217
28,Jayden,51,120778
29,Muhammad,39,79255
30,Carter,26,44726
31,Harper,38,82823
32,Evelyn,41,80719
33,Adalyn,39,79715
34,Emily,25,41261
35,Abigail,22,31350
36,Michael,57,138595
37,Sebastian,52,113207
38,Alexander,53,119161
39,Jacob,21,28697
40,Benjamin,23,32445
41,Madison,41,89543
42,Aaliyah,19,20944
43,Avery,40,87480
44,Ella,42,103035
45,Scarlett,25,41289
46,James,21,27640
47,Ryan,30,52736
48,Matthew,56,144820
49,Daniel,23,34695
50,Jayce,25,40249
51,Maya,31,57853
52,Mila,40,80862
53,Nora,55,120943
54,Camilla,26,44026
55,Arianna,58,137247
56,Mateo,20,24925
57,Caleb,58,141172
58,Luke,53,119023
59,Julian,56,146899
60,Jack,42,91989
61,Eliana,21,26707
62,Hannah,23,32319
63,Leah,26,43589
64,Ellie,38,76395
65,Kaylee,57,122021
66,William,46,100779
67,Wyatt,39,81517
68,Gabriel,24,38012
69,Connor,48,100563
70,Henry,43,90099
71,Kinsley,45,99630
72,Hailey,31,61606
73,Madelyn,23,33293
74,Paisley,24,35679
75,Elizabeth,43,99591
76,Isaiah,41,88997
77,Isaac,53,123239
78,Owen,33,60432
79,Levi,55,131604
80,Cameron,35,73293
81,Addison,38,79311
82,Isabelle,57,142959
83,Anna,47,102047
84,Sarah,40,81030
85,Brooklyn,22,30003
86,Nicholas,32,63268
87,Josiah,59,131574
88,Lincoln,53,122037
89,Dylan,46,102482
90,Samuel,23,32061
91,Mackenzie,32,57719
92,Victoria,57,144579
93,Luna,31,53734
94,Penelope,27,47138
95,Grace,59,130721
96,John,32,64053
97,Nathan,28,46214
98,Leo,56,137449
99,David,36,68164
100,Adam,54,126082
